{
  "total_pairs": 182994,
  "min": 0.246437,
  "max": 0.944895,
  "mean": 0.611122,
  "median": 0.609683,
  "p25": 0.528289,
  "p75": 0.689913,
  "pct_gte_0.50": 82.3617,
  "pct_gte_0.45": 92.6331,
  "pct_gte_0.40": 98.2338,
  "histogram": {
    "counts": [
      4,
      49,
      122,
      403,
      1356,
      3268,
      5976,
      8828,
      11323,
      13234,
      14369,
      15821,
      16721,
      16942,
      16114,
      14471,
      12207,
      10004,
      7882,
      5589,
      4101,
      2830,
      1124,
      230,
      26
    ],
    "bin_edges": [
      0.246437,
      0.274375,
      0.302313,
      0.330252,
      0.35819,
      0.386128,
      0.414067,
      0.442005,
      0.469943,
      0.497882,
      0.52582,
      0.553759,
      0.581697,
      0.609635,
      0.637574,
      0.665512,
      0.69345,
      0.721389,
      0.749327,
      0.777265,
      0.805204,
      0.833142,
      0.86108,
      0.889019,
      0.916957,
      0.944895
    ]
  }
}