{
  "total_valid_pairs": 67100,
  "mean": 0.427458,
  "median": 0.421752,
  "pct_gte_0.55": 6.0387,
  "pct_gte_0.50": 17.9836,
  "pct_gte_0.45": 37.237,
  "histogram": {
    "counts": [
      2846,
      3478,
      3801,
      4336,
      4483,
      4730,
      4695,
      5063,
      4636,
      4516,
      4394,
      3837,
      3581,
      3137,
      2612,
      2059,
      1619,
      1250,
      805,
      561,
      388,
      162,
      55,
      45,
      11
    ],
    "bin_edges": [
      0.300052,
      0.315219,
      0.330386,
      0.345553,
      0.36072,
      0.375887,
      0.391055,
      0.406222,
      0.421389,
      0.436556,
      0.451723,
      0.46689,
      0.482057,
      0.497224,
      0.512391,
      0.527559,
      0.542726,
      0.557893,
      0.57306,
      0.588227,
      0.603394,
      0.618561,
      0.633728,
      0.648895,
      0.664063,
      0.67923
    ]
  }
}