{
  "total_pairs": 182994,
  "mean": 0.000149,
  "median": -0.0004,
  "pct_positive": 43.8501,
  "pct_negative": 53.3646,
  "pct_zero": 2.7853,
  "histogram": {
    "counts": [
      16,
      29,
      847,
      1884,
      67,
      234,
      857,
      757,
      1042,
      1370,
      1581,
      4783,
      146326,
      11598,
      1540,
      2148,
      2088,
      1602,
      567,
      957,
      150,
      24,
      2478,
      45,
      4
    ],
    "bin_edges": [
      -0.6735,
      -0.62066,
      -0.56782,
      -0.51498,
      -0.46214,
      -0.4093,
      -0.35646,
      -0.30362,
      -0.25078,
      -0.19794,
      -0.1451,
      -0.09226,
      -0.03942,
      0.01342,
      0.06626,
      0.1191,
      0.17194,
      0.22478,
      0.27762,
      0.33046,
      0.3833,
      0.43614,
      0.48898,
      0.54182,
      0.59466,
      0.6475
    ]
  }
}